νƒ€μ„μ¤νƒ¬ν”„,λ³ΈμΈμ΄ μƒκ°ν•κΈ°μ— μμ‹ μ΄ μ–Όλ§λ‚ μ•Όλ―Όμ •μμ— μµμ™ν•κ°€μ”?,λ€ - λ¨Έ,ν - κ³Ό,ν”Ό - λ ,ν¬ - μΌ,λΉ„ - λ„¤,μ° - μ½,μ  - μΎ,λ©° - λ ,κ΄‘ - ν΅,γ… - κ³ ,λ”” - γ…,κµ¬ - γ…‹,μΌ - κ¶,γ…‚ - λ„,κ·Ό - γ„Ή,λ¦¬ - κΈ,λΌ - μ½°,μ - μ°,λ…• - λ©,μ™• - μ•,ν†µ - λ“·,λ΄‰ - λ„£,ν” - κ³§,κµ - κΌ¬,μΈ - μ™Έ,λ - ν‹°,λ‹µ - λ¤,μµ - μ,μ„ - μ,μΌ - μ,μ„ - μ¶,μ–µ - μ—¬,μ½ - κ·£,μ§€ - κ±°,μ‹ - γ…,μ„ - γ…’,λ…€ - ν‹°,κ·€ - μ»¤,λ¦¬ - μΎ¨,μ € - κ²¨,μ° - κΊΌ,λ„ - γ…,λ“  - γ…,λ - ν¬,λ°± - λΏ,1. μ—­μ‹ λ€ν•λ―Όκµ­μ μ΅κµ°μ€,2. λ…Όλ¬Έμ„ μ¨μ•Ό ν•λ”λ° ν­ν’ μλ©΄ν•΄λ²„λ¦Ό,3. μ΄ μ¥λ©΄ λ„λ¬΄ κ·€μ—½κ³  λ€λ…μ‘,4. μ „ λ€ν†µλ Ήκ³Ό λΉ„μ·ν•λ„¤,5. μ°μ  λ¨Ήμ€ μ‚¬λ μμν•κ³  κ΄‘λ… μ°Ύμ,6. κ³§ λ€κµ¬ λ„μ°©ν•΄μ„ μ λ…ν• ν”Όμ μ§‘ κ° κ²ƒ,7. κµ­λ¬Έκ³Ό κ°•μκ°€ γ„Ήγ…‡ λ…κ°•,λ²μ—­κΈ° μμ •μ— μ°Έκ³ ν•  μ μλ” μ¶”κ°€ μκ²¬μ„ λ¶€νƒλ“λ¦½λ‹λ‹¤.
12/12/2017 17:48:17,4,5,5,4,1,5,4,4,2,5,1,1,1,2,1,4,1,1,1,1,1,1,1,1,1,1,1,1,1,1,1,1,1,1,1,1,1,1,5,1,1,1,1,1,1,1,μ—­μ‹ λ¨Έν•λ―Όλ…Όμ λ‡½κ³¤μ€,κµ­κ³°μ„ μ¨μ•Ό ν•λ”λ° λμΎ μλ¤ν•΄λ²„λ¦Ό,μ΄ μ¥λ©΄ λ„λ¬΄ μ»¤μ—½κ³  λ¨Έν…μ‘,μ „ λ¨Έν†µλ Ήκ³Ό λ„¤μ·ν•λ„¤,μ°μ  λ¨Ήμ€ μ‚¬λ μμν•κ³  ν΅λµ μ°Ύμ,κ³§ λ¨Έκµ¬ λ„μ°©ν•΄μ„ μΎλµν• λ μ μ§‘ κ°κ²ƒ,λ…Όκ³°ν κ°•μκ°€ γ„Ήγ…‡ λµκ°•,μ‹ κΈ°ν•λ„¤μ”γ…γ……γ… μ„¤λ¬Έμ΅°μ‚¬ λ•λ¶„μ— λ°°μ°κ³  κ°‘λ‹λ‹¤γ…γ…
12/12/2017 17:48:23,5,5,5,5,2,4,3,5,5,5,4,4,3,3,2,5,5,1,1,2,5,3,2,3,2,1,2,1,4,5,4,4,2,1,1,1,1,1,5,1,1,1,3,2,2,4,μ—­μ‹ λ¨Έν•λ―Όκµ­μ κΈκ³¤λ‡½,λ¦‰κ³°κµ­ μ¨μ•Ό ν•λ”λ° μΎλ†’ μλ¤ν•΄λ„¤λ¦”,μ΄ ν½λ¤ λ„λ¬΄ μ»¤μ—½κ³  λ¨Έλµμ‘,μ „ λ¨Έν†µλ Ήκ³Ό λΉ„μ·ν•λ„¤,μ½μΎ λ¨Ήμ€ μ‚¬λ μμν•κ³  ν΅λµ μ°Ύμ,κ³§ λ¨Έκµ¬ λ„μ°©ν•΄μ„ μΎλµν• κ΄΄μ μ§‘ κ° κ²ƒ,γ…“κ³ κ³°λ…Ό κ°•μκ°€ γ„Ήγ…‡ λµκ°•,μ•Ό! λ―Όμ •μ μ΅°νƒ€
12/12/2017 17:48:45,4,5,3,4,2,2,3,5,5,5,4,2,4,1,3,4,2,2,2,2,2,2,2,2,4,4,2,2,4,2,2,2,2,2,1,1,1,4,5,2,3,3,4,3,3,2,μ—­μ‹ λ¨Έν•λ―Όκµ­μ μ΅κµ°μ€,κ³°κµ­μ„ μ¨μ•Ό ν•λ”λ° ν­ν’ μλ©΄ν•΄λ²„λ¦Ό,μ΄ μ¥λ©΄ λ„λ¬΄ κ·€μ—½κ³  λ¨Έλµμ‘,μ „ λ¨Έν†µλ Ήκ³Ό λΉ„μ·ν•λ„¤,μ½μΎ λ¨Ήμ€ μ‚¬λ μμν•κ±° ν΅λµμΉ®μ,κ³§ λ¨Έγ…‹ λ„μ°©ν•μ„ μΎλµν• λ μμ§‘ κ° κ²ƒ,κ³°λ…Όκ³Ό κ°•μκ°€ γ„Ήγ…‡ λµκ°•,μ™¤μΌ€ μ–΄λ ¤μ›μ”;
12/12/2017 17:49:21,5,5,4,1,1,1,5,5,5,5,1,1,1,4,1,5,2,1,1,1,1,1,1,4,1,3,2,1,5,1,1,5,1,1,2,1,1,1,5,1,1,1,1,1,2,1,μ—­μ‹ λ¨Έν•λ―Όκµ­μ κ³¤λ‡½μ€,λ…Όλ¬Έμ„ μ„μ•Όν•λ”λ° ν­ν’ μλ©΄ν•΄λ²„λ¦Ό,μ΄ μ¥λ©΄ λ„λ¬΄ μ»¤μ—½κ³  λ€λµμ‘,μ „ λ¨Έν†µλ Ήκ³Ό λΉ„μ·ν•λ„¤,μ°μ  λ©μ€ μ‚¬λ μμν•κ³  ν΅λ… μ°Ύμ,κ³§ λ¨Έκµ¬ λ„μ°©ν•΄μ„ μ λ…ν• ν”Όμμ§‘ κ° κ²ƒ,κµ­λ¬Έκ³Ό κ°•μκ°€ γ„Ήγ…‡λµκ°•,
12/12/2017 17:50:07,3,4,3,1,1,1,3,5,1,4,2,1,1,1,1,1,1,1,1,1,1,1,1,1,1,1,1,1,1,1,1,1,1,1,1,1,1,1,4,1,1,1,1,1,1,1,μ—­μ‹ λ¨Έν•λ―Όκµ­μ μ΅κµ°μ€,λ…Όλ¬Έμ„ μ¨μ•Ό ν•λ”λ° ν­ν’ μλ©΄ν•΄λ²„λ¦Ό,μ΄ μ¥λ©΄ λ„λ¬΄ μ»¤μ—½κ³  λ€λµμ‘ ,μ „ λ€ν†µλ Ήκ³Ό λΉ„μ·ν•λ„¤,μ°μΎ λ¨Ήμ€ μ‚¬λ μμν•κ³  ν΅λ…μ°Ύμ,κ³§ λ¨Έκµ¬ λ„μ°©ν•΄μ„ μ λ…ν• ν”Όμμ§‘ κ° κ²ƒ ,κµ­λ¬Έκ³Ό κ°•μκ°€ γ„Ήγ…‡ λ…κ°•,μ–΄λ ¤μ›μ”
12/12/2017 17:51:02,4,5,2,2,1,2,3,5,5,5,2,2,1,4,2,3,2,2,1,3,2,2,3,2,2,1,2,1,2,2,1,3,1,1,1,1,1,2,5,1,2,1,2,1,3,2,μ—­μ‹ λ¨Έν•λ―Όκµ­μ κ³¤λ‡½μ€,λ…Όλ¬Έμ„ μ¨μ•Ό ν•λ”λ° ν¬ν’ μλ©΄ν•΄λ²„λ¦Ό,μ΄ μ¥λ©΄ λ„λ¬΄ μ»¤μ—½κ³  λµμ,μ „ λ¨Έν†µλ Ήκ³Ό λΉ„μ·ν•λ„¤,μ°μ  λ¨Ήμ€ μ‚¬λ μμν•κ³  ν΅λ… μ°Ύμ,κ³§ λ¨Έκµ¬ λ„μ°©ν•΄μ„ μ λ…ν• ν”Όμ μ§‘ κ° κ²ƒ,κµ­λ¬Έκ³Ό κ°•μκ°€ λ λµκ°•,μ μ•μ•„λ‘μ„Έμ” μ„ μƒμ€ κ³ μƒκΈΈμ„ κ±Έμ„ κ²ƒμ…λ‹λ‹¤ λ‹¤μ‹ λ§ν•΄μ„ λ ν¬νΈκ°€ λ°¤κ½ƒκΈΈμ΄λ‹¤ μ΄κ²λ‹λ‹¤
12/12/2017 17:51:29,1,4,1,1,1,1,1,4,1,1,1,1,1,1,1,5,1,1,1,1,1,1,1,1,1,1,1,1,1,1,1,1,1,1,1,1,1,1,4,1,1,1,1,1,1,1,μΎμ‹ λ¨Έν•λ―Όκµ­μ μΎκµ°μ€,κ³°κµ­μ„ μ¨μ•Ό ν•λ”λ° ν­ν’ μλ©΄ν•΄λ²„λ¦Ό,μ΄ μ¥λ©΄ λ„λ¬΄ μ»¤μ—½κ³  λ¨Έλ…μ‘,μ „ λ¨Έν†µλ Ήκ³Ό λΉ„μ·ν•λ„¤,μ°μΎ λ¨Ήμ€ μ‚¬λ μμν•κ³  κ΄‘λ… μ°Ύμ,κ³§ λ¨Έκµ¬ λ„μ°©ν•΄μ„ μ λ…ν• ν”Όμ μ§‘ κ° κ²ƒ,κµ­λ¬Έκ³Ό κ°•μκ°€ γ„Ήγ…‡ λµκ°•,
12/12/2017 17:52:54,5,5,5,5,2,5,3,5,4,5,3,2,3,4,3,5,2,2,2,2,3,2,2,3,2,5,4,3,4,2,1,2,3,2,3,1,1,3,5,2,1,2,3,3,2,1,μ—­μ‹ λ¨Έν™”λ«Όκµ­μ κ³¤λ‡½μ€,κµ­κ³°μ„ μ¨μ•Ό ν•λ”λ° λμΎ μλ©΄ν•΄ λ²„λ¦Ό,μ΄ μ¥λ©΄ λ„λ¬΄ μ»¤μ—½κ³  λ¨Έλµμ‘,μ „ λ¨Έν†µλ Ήκ³Ό λ„¤μ·ν•λΉ„,μ°μΎ λ¨Ήμ€ μ‚¬λ μμν•κ³  ν΅λµμ°Ύμ,κ³§ λ¨Έκµ¬ λ„μ°©ν•΄μ„ μΎλ…ν™” λ μμ§‘ κ° κ²ƒ,λ…Όκ³°ν κ°•μκ°€ κ·Όγ…‡ λµκ°•,
12/12/2017 17:53:12,5,5,4,5,1,5,5,5,5,5,2,3,5,3,4,5,5,1,2,1,5,2,2,2,2,5,2,1,3,5,5,5,2,2,5,5,5,1,5,1,5,1,1,1,1,1,μ—­γ… λ¨Έν™”λ«Όλ…Όμ λ‡½κ³¤μ€,κ³°κµ­μ„ μ¨μ•Ό ν•λ”λ° λμΎμλ¤ν•΄λ²„λ¦”,μ΄ μ¥λ¤ λ„λ¬΄ μ»¤μ—½γ… λ¨Έλµμ‘,μ „ λ¨Έμ›‰λ Ήκ³Ό λ„¤μ·ν•λΉ„,μ½μΎ λ¨Ήμ€ μ‚¬λ μμν•γ… ν΅λµμ°Ύμ,κ³§ λ¨Έγ…‹ λ„μ°©ν•΄μ„ μΎλµν™” λ μμ§‘ κ° μ§“,κ³°λ…Όκ³Ό κ°•μκ°€ κ·Όγ…‡ λµκ°•,
12/12/2017 17:54:19,5,5,5,5,2,5,5,5,5,5,5,4,4,3,4,5,3,3,2,2,4,3,2,4,2,5,3,3,5,3,2,3,1,1,4,1,1,2,5,1,4,1,1,3,2,2,μ—­μ‹ λ¨Έν™”λ«Όλ…Όμµ κΈκ³¤λ‡½,λ¦‰κ³°κµ­ μ¨μ•Ό ν•κ·Ήλ° μΎλ μλ¤ν•΄λλ¦Ό,μ΄ ν½λ¤ γ…‚λ― μ»¤μ—½γ… λ¨Έλµμ‘,μ „ λ¨Έμ›‰λ Ήν λ„¤μ·ν•λΉ„,μ½μΎ λμ€ γ…… μμν•κ³  ν΅λµμ°Ύμ,κ³§ λ¨Έκµ¬ λ„μ°©ν•΄μ μΎλµν• κ΄΄μμ§‘ κ° κ²ƒ,κ³°λ…Όν κ°•μµκ°€ γ„Ήγ…‡ λµκ°•,μƒλ΅μ΄ λ§¤μΉ­μ΄ λ°κ²¬λ  κ²½μ°μ μ μ§€ λ³΄μμ— λ€ν•΄μ„λ„ κ³ λ ¤ν•΄μ•Ό ν•  κ²ƒ κ°™μµλ‹λ‹¤
12/12/2017 17:55:28,4,4,4,2,1,4,5,5,5,5,2,1,1,1,1,3,1,1,1,1,2,1,1,1,1,1,1,1,1,1,1,1,1,1,1,1,1,1,5,1,1,1,1,1,1,2,μ—­γ… λ¨Έν•λ§κµ­μ λ‡½κ³¤κΈ,κµ­κ³°μ„ μ¨μ•Ό ν•λ”λ° ν­ν’ μλΌν•΄λ²„λ¦Ό,μ΄ μ¥λΌ λ„λ¬΄ μ»¤μ—½κ· λ¨Έλµμ‘,μ „ λ¨Έν†µλ Ήν λ„¤μ·ν•λΉ„,μ•„μ•Ό λ¨ΉκΈ μ‚¬λ μμν•κ³  ν΅λμ°Ύμ,λ‘” λ¨Έκµ¬ λ„μ°©ν•΄μ„ μ λν• κ΄΄μμ§‘ κ° κ²ƒ,λ…Όκ³°ν κ°•μκ°€ γ„Ήγ…‡ λµκ°•,μ—†μ
12/12/2017 17:55:48,4,5,5,2,1,4,5,5,2,3,1,1,1,1,2,4,2,1,1,1,1,1,1,1,1,1,1,1,4,3,1,1,1,1,1,1,1,1,5,1,1,1,4,1,1,1,μ—­μ‹ λ¨Έν•λ―Όκµ­μ μ΅κµ°μ€,κ³°κµ­μ„ μ„μ•Ό ν•λ”λ° μΎλ†’ μλ©΄ ν•΄λ²„λ¦Ό,μ΄ μ¥λ©΄ λ„λ¬΄ μ»¤μ—½κ³  λ¨Έλµμ‘,μ „ λ¨Έν†µλ Ήκ³Ό λ―Έμ·ν•λ„¤,μ°μ  λ¨Ήμ€ μ‚¬λ μμν•κ³  κ΄‘λµμ°Ύμ,κ³§ λ¨Έκµ¬ λ„μ°©ν•΄μ„ μ λ…ν• ν”Όμμ§‘ κ° κ²ƒ,κµ­λ¬Έκ³Ό κ°•μκ°€ γ„Ήγ…‡ λµκ°•,
12/12/2017 18:02:10,4,5,5,3,1,4,2,4,5,5,2,3,1,1,1,5,2,1,1,1,1,4,3,1,1,4,3,2,5,2,2,5,2,1,3,1,1,1,5,2,2,1,2,1,4,3,μ—­μ‹ λ¨Έν•λ―Όκµ­μµ μ΅κµ°μ€,λ…Όλ¬Έμ„ μ¨μ•Ό ν•λ”λ° ν­ν’ μλ¤ν•΄λ²„λ¦Ό,μ΄ μ¥λ¤ λ„λ¬΄ μ»¤λ µκ³  λ¨Έλµμ‘,μ „ λ¨Έλ“·λ Ήκ³Ό λ„¤μ·ν•λΉ„,μ°μ  λμ€ μ‚¬λ μμν•κ³  ν΅λµ μ°Ύμ,κ³§ λ¨Έκµ¬ λ„μ°©ν•΄μ„ μΎλµν• κ΄΄μ μ§‘ κ° κ²ƒ,κµ­λ¬Έν κ°•μκ°€ γ„Ήγ…‡ λµκ°•,
12/12/2017 18:11:06,4,5,5,5,2,5,4,4,5,4,2,2,3,5,1,5,2,2,2,2,2,2,1,1,1,1,1,1,3,3,2,1,1,1,1,1,1,1,4,3,1,1,1,1,1,1,μ—­μ‹ λ¨Έν•λ―Όκµ­μ μ΅κµ°μ€,λ…Όλ¬Έμ„ μ¨μ•Ό ν•λ”λ° ν­ν’ μλ©΄ ν•΄λ²„λ¦Ό,μ΄ μ¥λ©΄ λ„λ¬΄ μ»¤μ—½κ³  λ¨Έλµμ‘,μ „ λ¨Έν†µλ Ήκ³Ό λΉ„μ·ν•λ„¤,μ°μ  λ¨Ήμ€ μ‚¬λ μμν•κ³  ν΅λ… μ°Ύμ,κ³§ λ¨Έκµ¬ λ„μ°©ν•΄μ„ μ λ…ν• κ΄΄μμ§‘ κ° κ²ƒ,κµ­λ¬Έκ³Ό κ°•μκ°€ γ„Ήγ…‡ λµκ°•,
12/12/2017 18:13:59,4,5,4,2,1,2,2,4,4,5,2,2,1,1,1,4,1,1,1,1,1,1,1,1,1,1,1,1,1,1,1,3,1,1,1,1,1,1,5,1,1,1,1,1,1,1,μ—­μ‹ λ¨Έν•λ―Όκµ­μ μ΅κµ°μ€,κ³°κµ­μ„ λ“μ—¬μ•Ό ν•λ”λ° ν¬ν’ μλ©΄ν•΄λ²„λ¦Ό,μ΄ μ¥λ¨Ό λ„λ¬΄ μ»¤μ—½κ³  λ¨Έλµμ‘,μ „ λ¨Έν†µλ Ήκ³Ό λΉ„μ·ν•λ„¤,μ°μ  λ¨Ήμ€ μ‚¬λ μμν•κ³  κ΄‘λ… μ°Ύμ,κ³§ λ¨Έκµ¬ λ„μ°©ν•΄μ„ μ λ…ν• ν”Όμμ§‘ κ° κ²ƒ,κµ­λ¬Έκ³Ό κ°•μκ°€ γ„Ήγ…‡ λµκ°•,.
12/12/2017 18:15:48,4,5,5,3,1,5,4,5,5,5,2,1,1,1,3,5,1,1,1,1,1,1,1,2,1,1,1,1,3,1,1,1,1,1,1,1,1,1,5,2,1,1,2,1,3,1,μΎμ‹ λ¨Έν•λ―Όκµ­μ μ΅κµ°μ€,κµ­κ³°μ„ μ¨μ•Ό ν•λ”λ° ν­ν’ μλ©΄ν•΄ λ²„λ¦Ό,μ΄ μ¥ν•€ λ„λ¬΄ μ»¤μ—½κ³  λ¨Έλµμ‘,μ „ λ¨Έν†µλ Ήκ³Ό λΉ„μ·ν•λΉ„,μ°μ  λ¨Ήμ€ μ‚¬λ μμν•κ³  ν΅λ… μ°Ύμ,κ³§ λ¨Έκµ¬ λ„μ°©ν•΄μ„ μ λµν• λ μ μ§‘ κ° κ²ƒ,κµ­λ¬Έν κ°•μκ°€ γ„Ήγ…‡ λµκ°•,
12/12/2017 18:22:28,4,5,5,5,3,5,5,5,5,5,4,3,3,5,3,4,3,2,2,1,2,1,2,3,3,5,3,1,5,2,2,3,4,1,5,2,2,3,5,3,3,3,5,3,3,2,μ—­μ‹ λ¨Έν•λ―Όκµ­μµ μ΅κµ°μ€,κ³°κµ­λ¦‰ μ¨μ•Ό ν•λ”λ° μΎλ μλ©΄ν•΄λ²„λ¦Ό,μ΄ μ¥λ©΄ λ„λ¬΄ μ»¤μ—½γ… λ¨Έλµμ‘,μ „ λ¨Έν†µλ Ήν λ„¤μ·ν•λΉ„,μ•„μ•Ό λ¨ΉκΈ μ‚¬λ μμν•γ… ν΅λµ μ°Ύμ,κ³§ λ¨Έκµ¬ λ„νν•΄μ„ μΎλµν• λ μ μ§‘ κ° κ²ƒ,κ³°λ…Όν κ°•μµκ°€ κ·Όγ…‡ λµκ°•,
12/12/2017 18:23:20,2,5,4,2,1,2,4,4,5,4,4,4,2,2,2,4,2,1,1,1,1,1,3,2,2,4,2,1,2,2,2,2,2,1,2,1,1,1,5,2,1,1,1,1,1,1,μ—­μ‹ λ¨Έν•λ―Όκµ­μ μ΅κµ°μ€,κµ­κ³°μ„ μ¨μ•Ό ν•λ”λ° ν­ν’ μλ©΄ν•΄λ²„λ¦Ό,μ΄ μ¥λ©΄ λ„λ¬΄ μ»¤μ—½κ³  λ¨Έλµμ¥,μ „ λ¨Έν†µλ Ήκ³Ό λΉ„μ·ν•λ„¤,μ°μ  λ¨Ήμ€ μ‚¬λ μμν•κ³  κ΄‘λµμ°Ύμ,κ³§ λ¨Έκµ¬ λ„μ°©ν•΄μ„ μ λ…ν• κ΄΄μ μ§‘ κ° κ²ƒ,κ³°λ…Όν κ°•μκ°€ γ„Ήγ…‡λµκ°•,
12/12/2017 18:23:46,2,5,4,4,2,4,5,5,5,4,3,2,2,3,4,4,2,1,1,3,3,2,1,1,2,3,3,1,4,2,2,3,2,1,4,1,1,3,5,2,2,2,3,2,3,2,μ—­μ‹ λ¨Έν•λ―Όκµ­μ κ³¤λ‡½μ€,κ³°κµ­μ„ μ¨μ•Ό ν•λ”λ° ν­ν’μ €κ·Έ ν™μ§„νΈκ°€ κ°„λ‹¤.,μ΄ μ¥λ¤ λ„λ¬΄ μ»¤μ—½κ³  λ€λµμ‘,λ§μ”€μ΄ μ§€λ‚μΉμ‹λ„¤μ”,μ°μ  λ¨Ήμ€ μ‚¬λ μμν•κ³  ν΅λµμ°Ύμ,κ³§ λ¨Έκµ¬ λ„μ°©ν•΄μ„ μ λ…ν• νƒμ • μ‚¬λ¬΄μ†μ…λ‹λ‹¤,μ¤ν‘Έλ„μ–΄μ•¤λ“ λ ‰μ³κ³  μ§„μ‹¤λ΅ λ„¤μ„λ¦¬λ²„,μ£„μ†΅ν•©λ‹λ‹¤. λ²μ—­κΈ° μμ •μ©μΈμ¤„ λ¨λ¥΄κ³  λ‡ κ° μ¥λ‚μ„ μ³¤λ„¤μ”.. μ„ΈμΆ…λ€μ™• ν™”μ΄ν… !
12/12/2017 18:29:15,5,5,5,3,1,4,4,5,4,4,2,1,4,2,3,5,4,1,1,2,4,2,2,1,2,2,3,1,1,1,1,1,2,1,3,2,1,1,5,2,2,1,2,2,1,1,μ—­μ‹ λ¨Έν•λ―Όλ…Όμ μ΅κµ°μ€,λ¦‰κ³°κµ­ μ¨μ—¬ ν—λ”λ° μΎλ μλ©΄ν•΄λ²„λ¦Ό,μ΄ μ¥λ©΄ λ„λ¬΄ μ»¤μ—½κ³  λ¨Έλµμ‘,μ „ λ¨Έν†µλ Ήκ³Ό λ„¤μ·ν•λΉ„,μ•„μ•Ό λ¨Ήμ€ μ‚¬λ μμν•κ³  ν΅λµ μ°Ύμ,κ³§ λ¨Έγ…‹ λ„μ°©ν•΄μ„ μ λ…ν• ν”Όμ μ§‘ κ° κ²ƒ,κµ­λ¬Έκ³Ό κ°•μκ°€ γ„Ήγ…‡ λµκ°•,μμ  λ‹¨μ„λ³΄λ‹¤ λ‹¨μ–΄ λ‹¨μ„λ΅ λ³€ν™ν•λ©΄ μ¤λ¥λ¥Ό μ¤„μΌ μ μμ„ κ²ƒ κ°™μµλ‹λ‹¤!
12/12/2017 18:32:45,5,5,5,5,1,5,4,5,5,5,3,4,2,1,2,5,3,1,2,2,4,2,2,2,2,5,4,1,5,3,2,4,2,1,2,1,1,3,5,2,1,1,4,5,4,5,λ¨Έν•λ―Όκµ­ κ³¤λ‡½,κ³΅κΏ μλ¤,μ¥λ¤ γ…‚λ¬΄ μ»¤μ—½κ³  λ¨Έλµμ‘,λ¨Έν†µλ Ήμ°¨ λ„¤μ·ν•λΉ„,μ•„μ•Ό γ… ν΅λµ,λ¨Έκµ¬ μ λµν• κ΄΄μ,κµ­λ¬Έν λµκ°•,"μ•Όλ―Όμ •μλ„ λ‡ κ° ν¨ν„΄μΌλ΅ κ³ μ°©ν™”λκ³  μκ³  λ‚λ¨Έμ§„ μ•μ“°μ„. κ·Έλ¦¬κ³  ν•μ μ„μ–΄ μ“°λ” κ±°λ‚, ν•μλ΅ λ³€ν™ν• λ‹¤μμ— κ·Έκ±Έ λ‹¤μ‹ μ•Όλ―Όμ •μν™”μ‹ν‚¨ μμ»¨λ€ μ μ‹λ€μ¥>μ μ‹λ¨Έν½ κ°™μ€ κ²ƒλ„ κ·Έ κ³ μ°©ν™”λ ν¨ν„΄ μ¤‘ ν•λ‚."
12/12/2017 18:32:46,5,5,5,5,1,5,4,5,5,5,3,4,2,1,2,5,3,1,2,2,4,2,2,2,2,5,4,1,5,3,2,4,2,1,2,1,1,3,5,2,1,1,4,5,4,5,λ¨Έν•λ―Όκµ­ κ³¤λ‡½,κ³΅κΏ μλ¤,μ¥λ¤ γ…‚λ¬΄ μ»¤μ—½κ³  λ¨Έλµμ‘,λ¨Έν†µλ Ήμ°¨ λ„¤μ·ν•λΉ„,μ•„μ•Ό γ… ν΅λµ,λ¨Έκµ¬ μ λµν• κ΄΄μ,κµ­λ¬Έν λµκ°•,"μ•Όλ―Όμ •μλ„ λ‡ κ° ν¨ν„΄μΌλ΅ κ³ μ°©ν™”λκ³  μκ³  λ‚λ¨Έμ§„ μ•μ“°μ„. κ·Έλ¦¬κ³  ν•μ μ„μ–΄ μ“°λ” κ±°λ‚, ν•μλ΅ λ³€ν™ν• λ‹¤μμ— κ·Έκ±Έ λ‹¤μ‹ μ•Όλ―Όμ •μν™”μ‹ν‚¨ μμ»¨λ€ μ μ‹λ€μ¥>μ μ‹λ¨Έν½ κ°™μ€ κ²ƒλ„ κ·Έ κ³ μ°©ν™”λ ν¨ν„΄ μ¤‘ ν•λ‚."
12/12/2017 18:39:11,3,4,3,2,1,1,1,4,4,5,3,1,1,1,1,3,1,1,1,1,1,1,1,1,1,1,1,1,1,1,1,1,1,1,1,1,1,1,4,1,1,1,1,1,1,1,μ—­μ‹ λ¨Έν•λ―Όκµ­μ μ΅κµ°μ€,λ…Όκ³°μΈ μ¨μ•Ό ν•λ”λ° λμΎ μλ©΄ν•΄λ²„λ¦Ό,μ΄ μ¥λ©΄ γ…’λ¬΄ μ»¤μ—½κ³  λ¨Έλ…μ‘,μ „ λ¨Έν†µλ Ήκ³Ό λΉ„μ·ν•λ„¤,μ°μ  λκΈ μ‚¬λ μμν•κ³  ν΅λ΅ μ°Ύμ,κ³§ λ¨Έκµ¬ λ„μ°©ν•΄μ„ μ λ΅ν• ν”Όμ μ§‘ κ°κ²ƒ,λ…Όκ³°κ³Ό κ°•μκ°€ κ·Όγ…‡ λµκ°•,
12/12/2017 18:55:16,4,5,5,1,1,4,5,5,5,5,5,3,5,3,3,5,3,1,1,1,4,1,1,1,2,2,2,1,5,1,1,1,1,1,4,2,2,2,5,1,3,1,2,1,1,1,μ—¬μΎμ‹ λ¨Έν•λ―Όκµ­ μ΅κµ°μ€,κ³°κµ­λ¦‰ μ¨μ•Ό ν•λ”λ° ν¬ν’ μ¥λ©΄ν•΄λ²„λ¦Ό,μ΄ μ¥λ©΄ λ„λ¬΄ μ»¤μ—½κ³  λ¨Έλµμ‘,μ „ λ¨Έν†µλ Ήν λΉ„μ·ν•λ„¤,μ½μΎ λ¨Ήμ€ μ‚¬λ μμ¥ν•κ³  ν΅λµ μ°Ύμ,κ³§ λ¨Έκµ¬ λ„μ°©ν•΄μ„ μ λµν• ν”Όμμ§‘ κ° κ²ƒ,λ†λ…Όν κ°•μµκ°€ γ„Ήγ…‡ λµκ°•,"λ€-λ¨Έ μ²λΌ κ΄‘λ²”μ„ν•κ² μ“°μ΄λ” λ³€ν™μ΄ μ•„λ‹λΌλ©΄, μ•Όλ―Όμ •μ κΌ΄λ΅ μμ£Ό λ³΄μ΄λ” λ‹¨μ–΄λ“¤μΌμλ΅ λ³€ν™μ΄ μμ—°μ¤λ¬μ΄ κ²ƒ κ°™μ•„μ”. μ μ–΄λ„, μμ†κΈ°λ°μ΄ μ•„λ‹λΌ μμ  κΈ°λ°μΈ κ±΄ ν™•μ‹ ν•΄μ”."
12/12/2017 19:13:15,3,5,4,2,1,1,3,4,5,5,1,3,1,4,1,4,1,1,1,2,1,1,1,3,2,1,1,1,3,1,1,2,1,1,4,1,1,1,4,1,3,1,1,1,1,1,μ—­μ‹ λ¨Έν•λ―Όκµ­μµ κ³¤λ‡½μ€,κ³°κµ­μ„ μ¨μ•Ό ν•λ”λ° ν­ν’ μλΌν•΄λλ¦Ό,μ΄ μ¥λ¤ λ„λ¬΄ μ»¤μ—½κ³  λ¨Έλµμ‘,κ²¬ λ¨Έν†µλ Ήκ³Ό λ¨μ·ν•λ„¤,μ½μΎ λμ€ μ‚¬λ μμν•γ… ν™λµ μ°Ύμ,λ‘” λ¨Έκµ¬ λ„μ°©ν•΄μ„ μΎλµν• κ΄΄μ μ§‘ κ° κ²ƒ,λ…Όκ³°ν κ°•μµκ°€ γ„Ήγ…‡ λµκ°•,
12/12/2017 19:34:51,5,5,5,5,5,5,5,5,5,5,5,5,5,5,5,5,5,5,5,5,5,4,5,5,2,5,5,4,5,5,5,5,4,4,5,4,4,5,5,4,5,5,5,2,4,5,μ—­μ‹ λ¨Έν•λ―Όκµ­μµ κ³¤λ‡½μ€,Jγ…“Jλ§Jμ„ μ¨μ•Ό ν•λ”λl ν™μ§„νΈ μλ¤ ν•΄tγ…λ¦Ό,μ΄ μ¥λ¤ γ…‚λ― μ»¤μ—½κ³  λ¨Έλµμ‘,μ „ λ¨Έν†µλ Ήν λ„¤μ·ν•λΉ„,μ½μΎ λμ€ μ‚¬ι’» μμ¥ν•γ… ν΅λµμ°Ύμ,κ³§ λ¨Έκµ¬ λ„μ°©ν•΄μ„ μΎλµν• λ μμ§‘ κ° ζ¬΅,κ³°λ…Όν κ°•μµκ°€ κ·Όγ…‡ λµ-κ°•,δΊΊδΈ¨ε·±δΊ»
12/12/2017 19:37:21,5,5,5,4,3,5,5,5,5,5,5,3,2,2,1,5,4,2,2,3,4,2,1,3,2,2,2,2,4,3,2,2,3,1,5,3,3,2,5,3,4,2,2,2,3,1,μ—­γ… λ¨Έν•λ«Όκµ­μ μ΅κµ°μ€,λ…Όλ¬Έμ„ μ¨μ•Ό ν•λ”λ° ν­ν’ μλ©΄ν•΄λ²„λ¦Ό,μ΄ ν½λ©΄ λ„λ¬΄ μ»¤μ—½κ³  λ¨Έλµμ‘,μ „ λ¨Έν†µν•ν λΉ„μ·ν•λΉ„,μ°μ  λμ€ μ‚¬λ μμν•κ³  ν΅λµμ°Ύμ,κ³§ λ¨Έκµ¬ λ„μ°©ν•΄μ„ μΎλµν• ν”Όμμ§‘ κ° κ²ƒ,κµ­λ¬Έν κ°•μκ°€ γ„Ήγ…‡ λµκ°•,
12/12/2017 20:01:44,5,5,5,5,1,5,5,5,5,5,5,1,1,1,1,5,5,1,1,1,5,1,1,1,1,5,5,1,5,1,1,5,1,1,5,1,1,1,5,1,5,1,5,1,1,1,μ—­μ‹ λ¨Έν™”λ«Όλ…Όμµ κ³¤λ‡½μ€,κ³°κµ­λ¦‰ μ¨μ•Ό ν•κ·Ήλ° μ›λ†’ μλ¤ν•΄λ²„λ¦Ό,μ΄ μ¥λ¤ λ„λ¬΄ μ»¤μ—½κ³  λ¨Έλµμ‘,κ²¬ λ¨Έν†µλ Ήν λ„¤μ·ν•λΉ„,μ°μΎ λμ€ μ‚¬λ μμν•κ³  ν΅λµ μ°Ύμ,κ³§ λ¨Έκµ¬ λ‚΄μ°©ν•΄μ„ μΎλµν™” λ μκ² κ° κ²ƒ,λ…Όκ³°ν κ°•μµκ°€ γ„Ήγ…‡ λµκ°•,
12/12/2017 20:31:55,1,2,2,2,2,2,2,2,2,2,2,2,2,2,2,4,2,2,2,2,2,2,2,2,2,2,2,2,2,2,2,2,2,2,2,2,2,2,2,2,2,2,2,2,2,2,γ„Ήνλ§λ„ λ»ν•¨,γ… γ…  λ§ν–κµ°,γ…‡γ…ν•©λ‹λ‹¤,γ„Ήνλ‹µλ‹¤,λ†,λ¶€λ½λ‹¤,γ…‡γ…γ…‡γ…,
12/12/2017 20:45:02,5,5,5,5,1,5,4,4,5,5,4,2,2,3,3,5,1,1,2,1,3,3,3,2,2,1,1,1,5,1,1,1,2,1,3,2,2,2,5,1,1,2,1,1,1,1,μ—­μ‹ λ¨Έν•λ―Όκµ­μ κΈκ³¤λ‡½,κ³°κµ­μ„ μ¨μ•„ ν•λ”λ¨Έ μΎλ μλ¤ν•΄λ²„λ¦Ό,μ΄ μ¥λ¤ λ„λ¬΄ μ»¤μ—½κ³  λ¨Έλµμ‘,μ „ λ¨Έν†µλ Ήν λ„¤μ·ν•λΉ„,μ°μ  λ¨Ήμ€ μ‚¬λ μμν•κ³  ν΅λµ μ°Ύμ,κ³§ λ¨Έκµ¬ λ„μ°©ν•΄μ„ μ λµν• κ΄΄μ μ§‘ κ° κ²ƒ,κ³°λ…Όν κ°•μκ°€ γ„Ήγ…‡ λµκ°•,κ³Όμ΄ν…
12/12/2017 20:54:20,2,5,5,5,1,5,2,5,5,5,4,3,4,1,5,5,3,1,1,1,4,1,1,1,1,4,3,3,4,3,2,5,1,1,4,2,2,1,5,2,4,1,1,1,1,1,μ—­μ‹ λ¨Έν™”λ«Όλ…Όμµ κΈκ³¤λ‡½,λ¦‰κ³°κµ­ μ¨μ•Ό ν•λ”λ° μΎλ <γ…λ¤ν•΄λλ¦Ό,μ΄ ν½λ¤ γ…‚λ¬΄ μ»¤μ—½γ… λ¨Έλµμ‘,μ „ λ¨Έν†µλ Ήν λ„¤<Kν•λΉ„,μ°μ° λ¨Ήμ€ μ‚¬λ μμν•γ… ν΅λµ μ°Ύμ,κ³§ λ¨Έγ…‹ λ„νν•΄μ„ μΎλµν™” κ΄΄μ κ² κ° μ§“,κ³°λ…Όν κ°•μµκ°€ κ·Όγ…‡ λµκ°•,κ³µμ‹μ μΌλ΅ μ–Όλ§λ‚ μ“Έμ μμ„μ§€ λ¨λ¥΄κ² μ§€λ§ μ«μλ„ μ“°μ‹λ”μ§€ κ¶κΈν•λ„¤μ©. μ“°μ‹ λ‹¤λ©΄ μ= 8γ…• ν•™=γ…5 μ΄λ°κ²ƒλ„ μΉκµ¬λ“¤μ΄λ‘μ€ μ“°λ”κ² κ²€ν† ν•΄μ£Όμ„Έμ©
12/12/2017 20:56:52,5,5,5,1,1,3,4,4,5,5,3,1,1,1,1,4,2,1,1,1,3,1,1,1,1,3,1,1,5,1,1,1,1,1,3,1,1,1,5,1,3,1,1,1,1,1,μ—N λ¨Έν•λ«ΌμΏ μµ κ³¤λ‡½κΈ,κ³°κµ­μ„ μ¨ok ν•λ”λ° μΎλ μλ¤ν•΄λ²„λ¦Ό,μ΄ μ¥λ¤ λ„λ¬΄ μ»¤μ—½κ³  λ¨Έλµμ‘,μ „ λ¨Έν†µλ Ήκ³Ό λ¨>l>ν•λ„¤,μ½μΎ λμ€ μ‚¬λ μμν•κ³  ν΅λµ μ°Ύμ,λ‘” λ¨Έκµ¬ λ„μ°©ν•΄μ„ μΎλµν• κ΄΄μ μ§‘ κ° κ²ƒ,λ…Όκ³°ν κ°•μκ°€ γ„Ήγ…‡ λµκ°•,κΈ€μλ§λ‹¤ μ μ©ν•κΈ°λ³΄λ‹¤λ” λ‹¨μ–΄ λ‹¨μ„λ΅ μ μ©ν•λ” κ² λ‚μ„ λ“―
12/12/2017 21:04:03,3,4,2,2,2,2,3,4,2,4,1,1,1,1,1,4,1,1,2,1,4,2,1,1,1,1,1,1,1,1,2,2,2,2,1,1,1,1,4,1,1,1,1,1,1,1,μ—­μ‹ λ¨Έν•λ―Όκµ­μ λ‡½λ…Όμ€,κ³°κµ­μ„ μ¨μ•Ό ν•λ”λ° ν­ν’ μλ©΄ν•΄ λ²„λ¦Ό,μ΄ μ¥λ©΄ λ„λ¬΄ μ»¤μ—½κ³  λ¨Έλ…μ‘,μ „ λ¨Έν†µλ Ήκ³Ό λΉ„μ·ν•λ„¤,γ…μµ λ¨Ήμ€ μ‚¬λ μμν•κ³  κ΄‘λ… μ°Ύμ,κ³§ λ¨Έκµ¬ λ„μ°©ν•΄μ„ μ λ…ν• ν”Όμμ§‘ κ° κ²ƒ,κµ­λ¬Έκ³Ό κ°•μκ°€ γ„Ήγ…‡ λµκ°•,
12/12/2017 21:04:22,3,5,4,3,1,3,2,5,5,5,3,2,1,1,4,4,2,1,1,1,3,1,1,1,1,1,1,1,1,1,1,1,1,1,1,1,1,1,1,1,1,1,1,1,1,1,μ—­μ‹ λ¨Έν•λ―Όκµ­μ μ΅κµ°μ€,κ³°κµ­μ„ μ¨μ•Ό ν•λ”λ° λμΎ μλ¤ν•΄λ²„λ¦Ό,μ΄ μ¥λ¤ λ„λ¬΄ μ»¤μ—½κ³  λ¨Έλµμ‘,μ „ λ¨Έν†µλ Ήκ³Ό λΉ„μ·ν•λΉ„,μ°μΎ λ¨Ήμ€ μ‚¬λ μμν•κ³  ν΅λ… μ°Ύμ,λ‘” λ¨Έκµ¬ λ„μ°©ν•΄μ„ μ λµν• κ΄΄μμ§‘ κ° κ²ƒ,κ³°λ…Όν κ°•μκ°€ κ·Όγ…‡ λµκ°•,
12/12/2017 21:04:29,5,5,5,4,3,5,5,5,5,5,4,4,3,3,2,5,4,3,2,2,5,2,2,3,2,5,3,3,5,3,1,2,4,3,3,3,3,3,5,1,4,3,4,3,2,1,μ—­γ… λ¨Έν•Eγ…£κµ­μµ κ³¤λ‡½μ€,κ³°κµ­μ„ μ¨μ•Ό ν•λ”λ° μΎλ†’ μλ¤ν•΄ λλ¦Ό,μ΄ μ¥λ¤ λ„λ¬΄ μ»¤μ—½λ„ λ¨Έλµμ‘,μ „ λ¨Έν†µλ Ήν λ„¤μ·ν•λΉ„,μ°μ  λμ€ κ°€λ μμν•γ… ν΅λµ μ°Ύμ,ν” λ¨Έκµ¬ Eμ°©ν•΄μ„ μΎλµν• κ΄΄μμ§‘ κ° κ²ƒ,κ·Ήλ¬Έν κ°•μµκ°€ γ„Ήγ…‡ λµκ°•,
12/12/2017 21:11:24,5,5,5,5,2,5,5,5,5,5,5,4,4,4,4,5,5,2,2,3,5,3,3,3,4,4,3,2,5,4,3,4,3,2,4,4,4,3,5,3,5,2,5,2,3,5,μ—μ‹ λ¨Έν™”λ«Όλ…Όμ κΈκ³¤λ‡½,κ³°κµ­μ„ κΊΌμ•Ό μ°γ…κ·Ήλ° μΎλ μλ™¤ν•΄λλ¦Ό,μ΄ μ¥λ™¤ γ…‚λ¬΄ μ»¤μ—½λ„ λ¨Έλµμ‘,κ²¬ λ¨Έν†µλ Ήν λ„¤<γ…£<μ°γ…λΉ„,μ½μΎ λμ€ μ‚¬λ μμν•γ… ν΅λµ μ°Ύμ,ν” λ¨Έκ·Ή λ„μ°©ν•΄μ„ μΎλµν™” κ΄΄μ μ§‘ κ°μ§“,κ³°λ…Όν κ°•μκ°€ κ·Όγ…‡ λµκ°•,
12/12/2017 22:06:21,2,5,4,4,1,5,3,4,5,4,2,3,1,1,2,5,3,2,3,3,2,4,3,3,2,2,2,2,5,3,2,4,4,2,4,2,2,3,5,2,4,2,4,3,3,2,λ¨Έν•λ―Όκµ­,κ³°κµ­ μΎλ,μ»¤μ—½κ³  λ¨Έλµμ‘,μ „ λ¨Έλ“·λ Ήν,μ•„μ•Ό ν΅λµ,λ¨Έκµ¬ ,κ³°λ…Όκ³Ό γ„Ήγ…‡λµκ°•,
12/12/2017 22:37:53,4,4,4,4,1,2,3,4,1,5,1,1,1,1,1,4,2,1,1,1,3,1,1,1,1,1,1,1,2,1,1,1,1,1,1,1,1,1,4,1,1,1,1,1,1,1,μ—­μ‹ λ¨Έν•λ―Όκµ­μ μ΅κµ°μ€,κ³°κµ­μ„ μ¨μ•Ό ν•λ”λ° μ›λ μλ¤ν•΄λ²„λ¦Ό,μ΄ μ¥λ¤ λ„λ¬΄ μ»¤μ—½κ³  λ¨Έλµμ‘,μ „ λ¨Έν†µμ…©ν λΉ„μ·ν•λΉ„,μ°μΎ λμ€ μ‚¬λ μμν•κ³  ν΅λµ μ°Ύμ,κ³§ λ¨Έκµ¬ λ„μ°©ν•΄μ„ μΎλµν• λ μ μ§‘ κ° κ²ƒ,κµ­λ¬Έν κ°•μκ°€ κ·Όγ…‡ λµκ°•,
12/12/2017 22:42:36,4,5,5,5,1,5,5,5,5,5,1,1,1,1,1,5,1,1,1,1,1,1,1,1,1,1,1,1,1,1,1,1,1,1,1,1,1,1,5,1,1,1,5,1,1,1,μ—­μ‹ λ¨Έν•λ―Όκµ­μ μ΅κµ°μ΄,λ…Όκ³°μ„ μ¨μ•Ό ν•λ”λ° ν­ν’ μλ©΄ν•΄λ²„λ¦Ό,μ΄ μ¥λ©΄ λ„λ¬΄ μ»¤μ—½κ³  λ¨Έλµμ‘,μ „ λ¨Έν†µλ Ήκ³Ό λΉ„μ·ν•λΉ„,μ°μ  λμ€ μ‚¬λ μμν•κ³  κ΄‘λµμ°Ύμ €,κ³§ λ¨Έκµ¬ λ„μ°©ν•΄μ„ μ λµν• κ΄΄μμ§‘ κ° κ²ƒ,λ…Όκ³°ν κ°•μκ°€ γ„Ήγ…‡ λµκ°•,
12/12/2017 22:45:09,3,1,1,1,1,1,1,1,1,1,1,1,1,1,1,1,1,1,1,1,1,1,1,1,1,1,1,1,1,1,1,1,1,1,1,1,1,1,1,1,1,1,1,1,1,1,λ‚΄ λ‚¨μμΉκµ¬β™΅,κµ³,γ…‡γ…,γ…‰,μ°μ  μ‹«μ–΄ν•΄μ”,ν”Όμ μΆ‹μ§€,γ„΄γ…‡γ…,λ­κ°€λ­”μ§€ 1λ„ λ¨λ¥΄κ² μ κ·Έλλ„ κΈ°ν”„ν‹°μ½ μ£Όμ„Έμ—¬π
12/12/2017 22:45:42,4,5,5,5,1,5,4,5,5,5,2,4,5,4,2,5,3,2,2,1,2,2,2,2,5,3,2,1,1,1,1,5,1,2,1,2,1,1,5,1,2,1,5,4,2,5,μ—­μ‹ λ¨Έν•λ―Όκµ­μ μ΅κµ°μ€,λ…Όλ¬Έμ„ μ¨μ•Ό ν•λ”λ° μΎλ†’ μλ…ν•΄λ²„λ¦Ό,μ΄ μ¥λ©΄ λ„λ¬΄ μ»¤μ—½κ³  λ¨Έλµμ‘,μ „ λ¨Έν†µλ Ήκ³Ό λΉ„μ·ν•λ„¤,μ°μ  λ¨Ήμ€ μ‚¬λ μμν•κ³  ν΅λµ μ°Ύμ,κ³§ λ¨Έκµ¬ λ„μ°©ν•΄μ„ μ λ…ν• λ μμ§‘ κ° κ²ƒ,κµ­λ¬Έκ³Ό κ°•μκ°€ γ„Ήγ…‡ λµκ°•,λ νλ΅¬κ³΅μ²λΌ μΌλ¶€ λ‹¨μ–΄λ§ κ±°κΎΈλ΅ μ“°λ” κ²½μ°λ„ μμ
12/12/2017 22:51:29,4,5,5,5,1,5,5,5,3,5,1,2,1,2,1,3,1,2,1,1,1,1,1,1,2,1,1,1,1,1,1,4,1,1,2,1,1,1,4,1,1,1,4,1,2,1,μ—­μ‹ λ¨Έν•λ―Όκµ­μ μ΅κµ°μ€,κ³°κµ­μ„ μ¨μ•Ό ν•λ”λ° ν­ν’ μλ©΄ν•΄λ²„λ¦Ό,μ΄ μ¥λ©΄ λ„λ¬΄ μ»¤μ—½κ³  λ¨Έλµμ‘,μ „ λ¨Έν†µλ Ήκ³Ό λΉ„μ·ν•λ„¤,μ°μ  λ¨Ήμ€ μ‚¬λ μμν•κ³  ν΅λµ μ°Ύμ,κ³§ λ¨Έκµ¬ λ„μ°©ν•΄μ„ μ λµν• ν”Όμ μ§‘ κ° κ²ƒ,κµ­λ¬Έκ³Ό κ°•μκ°€ γ„Ήγ…‡ λµκ°•,
12/12/2017 23:07:20,1,5,1,1,1,2,3,5,2,5,1,1,1,1,1,5,1,1,3,1,1,1,1,2,5,1,1,1,1,1,1,1,1,1,1,1,1,1,1,1,1,1,1,1,1,1,μ—¬μ½μ‹ λ¨Έν•λ―Όκµ­μ μ΅κµ°μ€,λ…Όλ¬Έμ„ μ”μ•Ό ν•λ”λ° γ…γ…μλ©΄ν•΄λ²„λ¦Ό,μ΄ μ¥λ©΄ λ„ μ»¤μ—½κ³  λ€λµμ‘,μ „ λ¨Έν†µλ Ήκ³Ό λΉ„μ·ν•λ„¤,μ°μ  λ¨Ήμ€ μ‚¬λ μμν•κ³  κ΄‘λ… μ°Ύμ,κ³§ λ¨Έκµ¬λ„μ°©ν•΄μ„ μ λ…ν• ν”Όμ μ§‘ κ°κ²ƒ,κ¶λ¬Έκ³Ό κ°•μκ°€ γ„Ήγ…‡λµκ°•,
12/12/2017 23:44:33,5,5,5,5,3,5,5,5,5,5,2,1,2,4,3,5,5,4,3,3,4,3,3,4,3,3,4,4,4,3,3,5,4,4,3,1,1,3,5,5,4,3,2,1,3,4,μ—¬μ½μ‹ λ¨Έ-ν•λ―Όκµ­μ μΎκµ°μ€..,λ…Όλ¬Έμ¨μ•Ό ν•λ”λ° ν¬ν’μλ¤ν•΄λ²„λ¦Ό,μ΄μ¥λ©΄ λ„λ¨ μ»¤μ—½κ³  λ¨Έλµμ‘;,μ „ λ¨Έν†µλ Ήκ³Ό λΉ„μ·ν•λ„¤ μ΄λ ‡κ² κ°‘μκΈ° λ‚μ¤μ‹λ©΄..,μ½μΎ μ²λ¨Ήμ€ λ†μ€ μμν•κ³  ν΅λµμ°Ύμ ,κ³§ λ¨Έκµ¬ λ„μ°©ν•΄μ„ μ -λ…ν• ν”Όμμ§‘ κ°κ²ƒ λ©”λ‰΄μ¶”μ²μ ,κ³°λ…Όκ³Ό κ°•μκ°€ γ„Ήγ…‡ λµκ°•μ΄μλ„~,μ•Όλ―Όμ •μμ—μ„λ” λ‹¨μν κΈ€μ ν•λ‚ν•λ‚λ¥Ό λ°”κΎΈλ” κ² μ•„λ‹λΌ κ·Έ μ–΄ν¬μ κ°€λ²Όμ›€μ΄ ν° λ¶€λ¶„μ„ μ°¨μ§€ν•λ” κ²ƒμ΄λΌ μƒκ°ν•©λ‹λ‹¤ νΉν κΈ‰μ‹μ²΄μ™€μ νΌμΆ….. κ³ μƒν•μ‹­λ‹λ‹¤
12/13/2017 0:27:58,3,5,4,3,2,2,5,5,4,5,5,1,1,3,1,1,1,1,1,2,2,1,1,3,3,5,3,2,3,2,1,2,3,2,5,1,1,1,5,3,4,2,2,1,1,2,μ—μ‹ λ¨Έν•λ«Όκµ­μ μ΅κµ°μ€,κ³°κµ­μ„ μ¨μ•Ό λΌλ”λ° λ‘λ± μλ™¤ν•΄λ²„λ¦Ό,μ΄ μ¥λ¤ λ„λ¬΄ μ»¤μ—½κ³  λ¨Έλµμ‘,μ „ λ¨Έν†µλ Ήν λΉ„μ·ν•λΉ„,μ°μΎ λμ€ μ‚¬λ μμν•γ… ν΅λµ μ°Ύμ,λ‘” λ¨Έκµ¬ λ„μ°©ν•΄μ„ μΎλµν• λ μμ§‘ κ° κ²ƒ,κ³°λ…Όν κ°•μκ°€ κ·Όγ…‡ λµκ°•,ν•μλ” μ•λλ”κ±΄κ°€μ—Ό
12/13/2017 1:09:57,4,4,4,4,2,3,4,4,4,4,4,4,2,4,4,4,2,2,2,3,2,2,4,4,3,4,2,2,4,2,2,4,3,2,4,3,3,2,4,2,4,3,4,3,4,2,μ—­γ… λ¨Έν•λ”λ…Όμ–΄ λ‡½κ³¤κ·Ό,κµ­κ³°λ¦‰ μ„€ν„ ν•κ·Ήνƒ λμΎγ…γ…λ¤γ…μ‹λλ¦Ό,μΌ μΊ‰λ¤ λ””λ“Έ μ»¤μ—½γ… λ¨ΈλµμΉµ,μ»¨ λ¨Έμ½λ Ήν λ¨<γ…£<νγ…£λ””γ…£,γ…γ…  ν”½κΈ γ…γ…΅λ μΉ΄μνγ…£γ… ν΅λµν•®μΉ΄,κ³¤ λ¨Έγ…‹ γ…μ°©γ…μ‹γ…’ γ… ν•‘ν•  λΈμΉ΄κ²Ή κ° μ§“,μΏ κ³°λ§ μ¥γ…Άγ… γ„Ήγ…‡ λµκ°•,
12/13/2017 1:46:58,3,5,4,2,1,4,4,5,4,5,1,1,1,3,2,4,1,2,1,1,1,1,1,1,1,1,1,1,3,1,1,3,1,1,4,1,1,1,4,1,1,1,2,1,2,1,μΎμ‹ λ¨Έν•λ―Όκµ­μ μ΅κµ°μ€,λ…Όλ¬Έμ„ μ¨μ•Ό ν•λ”λ° ν­ν’ μλ¤ν•΄λ²„λ¦Ό,μ΄ μ¥λ©΄ λ„λ¬΄ μ»¤μ—½κ³  λ¨Έλµμ‘,μ „ λ¨Έν†µλ Ήκ³Ό λ„¤μ·ν•λ„¤,μ°μ  λ¨Ήμ€ μ‚¬λ μμν•κ³  κ΄‘λµ μ°Ύμ,κ³§ λ¨Έκµ¬ λ„μ°©ν•΄μ„ μ λµν• κ΄΄μ μ§‘ κ°κ²ƒ,κµ­λ¬Έκ³Ό κ°•μκ°€ γ„Ήγ…‡ γ„Έγ…‡κ°•,
12/13/2017 7:06:29,4,5,5,5,3,5,5,5,5,5,4,4,3,3,3,5,5,4,3,3,5,3,3,3,3,3,4,3,3,3,3,2,4,2,4,2,2,2,5,2,4,4,4,2,3,2,μ—­μ‹ λ¨Έν™”λ«Όκµ­μ κ³¤λ‡½μ€,κ³°κµ­μ„ μ„€μ•Ό ν•λ”λ° κΌ­κΏ μλ¤ ν•΄λ²„λ¦Ό,μ΄ μ¥λ¤ λ„λ¬΄ μ»¤μ—½κ³  λ¨Έλµμ‘,κ²¬ λ¨Έν†µλ Ήν λ„¤μ·ν•λΉ„,μ½μΎ λμ€ μ‚¬λ μμ¥ν•γ… ν΅λµ μ°Ύμ,κ³§ λ¨Έκµ¬ λ„μ°©ν•΄γ…’ μΎλµν• λ μμ§‘ κ° κ²ƒ,κµ­λ¬Έν κ°•μκ°€ γ„Ήγ…‡ λµκ°•,
12/13/2017 13:25:33,3,5,3,2,1,1,2,4,1,5,3,1,1,1,1,5,1,1,1,1,1,1,1,1,1,1,1,1,4,1,1,1,1,1,1,1,1,1,5,1,1,1,1,1,2,1,λ¨λ¦„,κ³°κµ­μ„ μ¨μ•Ό ν•λ”λ° ν­ν’ μλ©΄ν•΄ λ²„λ¦Ό,μ΄ μ¥λ©΄ λ„λ¬΄ μ»¤μ—½κ³  λ¨Έλµμ‘,μ „ λ¨Έν†µλ Ήκ³Ό λΉ„μ·ν•λ„¤,λ¨λ¥΄κ² μ,κ³§ λ¨Έκµ¬ λ„μ°©ν•΄μ„ μ λ…ν• ν”Όμμ§‘ κ° κ²ƒ,κµ­λ¬Έκ³Ό κ°•μκ°€ γ„Ήγ…‡ λµκ°•,
12/13/2017 13:31:10,5,5,4,4,4,5,4,5,3,4,3,2,2,2,2,5,3,1,2,2,4,5,2,3,2,4,3,2,4,2,2,1,2,4,5,1,2,4,5,4,2,3,2,4,2,4,μ—­γ… λ¨Έν•λ―κµ­μ κ³¤λ‡½μ€,λ…Όλ¬Έμ„ μ„€μ½” ν•λ”λ° ν¬ν’ μλΌν•΄λ²„κ·Όγ…£γ…,μ΄ μ¥λΌ γ…‚λ¬΄ μ»¤μ—½γ… λ¨Έλµμ‘,μ „ λ¨Έν†µλ Ήν λ„¤μ·ν•λΉ„,μ μ  λμ€ γ…λ μμν•γ… ν΅λµ μ°Ύμ,λ―„ λ¨Έκµ¬ λ„μ°©ν•΄γ…’ μΎλµν• λ μ μ§‘ κ°μ§“,κµ­λ¬Έν κ°•μκ°€ γ„Ήγ…‡ λµκ°•,"λ…- λµ, λμ²λΌ ν•λ‚μ— μ—¬λ¬κΈ€μ μ‚¬μ© κ°€λ¥"
12/13/2017 13:57:06,3,5,1,1,1,1,3,5,4,4,1,1,1,3,1,1,1,1,1,1,3,1,1,1,1,1,1,1,1,1,1,2,1,1,1,1,1,1,5,1,1,1,1,1,1,1,μ—­μ‹ λ¨Έν•λ―Όκµ­μ μ΅κµ°μ€,λ…Όλ¬Έμ„ μ¨μ•Ό ν•λ”λ° ν­ν’ μλ©΄ ν•΄λ²„λ¦Ό,μ΄ μ¥λ©΄ λ„λ¬΄ μ»¤μ—½κ³  λ¨Έλµμ‘,μ „ λ¨Έν†µλ Ήκ³Ό λΉ„μ·ν•λ„¤,μ½μΎ λ¨Ήμ€ μ‚¬λ μμμ‚¬λ„ κ΄‘λ… μ°Ύμ,κ³§ λ¨Έκµ¬ λ”μ°©ν•΄μ„ μ λ…ν• ν”Όμμ§‘ κ° κ²ƒ,κµ­λ¬Έκ³Ό κ°•μκ°€ γ„Ήγ…‡ λµκ°•,
12/13/2017 14:09:09,4,5,4,4,2,5,5,5,4,4,3,4,4,3,4,5,4,2,3,2,4,2,2,2,3,2,3,2,5,2,1,2,3,2,3,2,1,2,5,2,3,2,4,5,3,4,μ—¬μ½μ‹ λ¨Έν•λ―Όκµ­μ κ³¤λ‡½μ€,λ…Όλ¬Έμ„ μ¨μ•Ό ν•λ”λ° γ…γ…μλ©΄ν•΄λ²„λ¦Ό,μ΄ μ¥λ©΄ λ„λ¬΄ μ»¤μ—½κ³  λ¨Έλµμ‘,μ „ λ¨Έν†µλ Ήκ³Ό λΉ„μ·ν•λ„¤,μ°μ  λ¨Ήμ€ μ‚¬λ μμν•κ³  ν΅λµ μ°Ύμ,κ³§ λ¨Έγ…‹ λ„μ°©ν•΄μ„ μΎλµν• λ μ μ§‘ κ° κ²ƒ,κµ­λ¬Έκ³Ό κ°•μκ°€ γ„Ήγ…‡ λµκ°•,
12/13/2017 16:49:59,4,5,5,5,3,5,5,5,5,5,5,5,4,4,4,5,5,4,3,4,5,3,4,5,3,4,3,2,5,4,3,5,5,2,5,3,3,4,5,3,5,3,3,5,4,4,μ—­γ… λ¨Έν™”λ―Όλ…Όμµ λ‡½κµ°κΈ,κµ­κ³°μ„ μ„€μ•Ό ν•κ·Ήν‹° λ†’μΎ μ¥λ¤ν•΄λ„¤λ”,μ΄ μ¥λ¤ λΉ„λ― μ»¤μ—½κ³  λ¨Έλµμ‘,κ²¬ γ…ν†µλ Ήν λ„¤μ·ν•λΉ„,μ½μΎ λκΈ μ‚¬λ μμ¥ν•γ… ν΅λµ μ°Ύμ,ν” λ¨Έκµ¬ λ„μ°©ν•΄γ… μΎλµν• κ΄΄μμ§‘ κ° κ²ƒ,λ…Όκ³°ν κ°•μµκ°€ κ·Όγ…‡ λµν›„,
12/13/2017 18:24:13,4,4,3,1,1,4,2,5,2,4,2,1,1,1,1,5,2,2,1,1,1,1,1,1,1,1,1,1,1,1,1,1,1,1,1,1,1,1,1,1,1,1,1,1,1,1,μ—­μ‹ λ¨Έν•λ―Όκµ­ κ³¤λ‡½μ€,κ³°κµ­μ„ μ¨μ•Ό ν•λ”λ° ν­ν‘Ή μλ©΄ν•΄λ²„λ¦Ό,μ΄ μ¥λ©΄ λ„λ¬΄ μ»¤μ—½κ³  λ¨Έλµμ‘,μ „ λ¨Έν†µλ Ήκ³Ό λΉ„μ·ν•λ„¤,μ°μΎ λ¨Ήμ€ μ‚¬λ μ‚¬μν•κ³  λ§λµ μ°Ύμ,κ³§ λ¨Έκµ¬ λ„μ°©ν•΄μ„ μΎλµν• ν”Όμ μ§‘ κ° κ²ƒ,κµ­λ¬Έκ³Ό κ°•μκ°€ γ„Ήγ…‡ λµκ°•,
12/13/2017 19:24:09,3,5,5,2,1,4,5,5,5,5,5,1,1,3,4,5,1,1,3,1,5,2,2,3,2,2,2,2,4,2,2,2,2,1,4,1,1,2,5,2,2,2,2,2,2,2,μ—­γ… λ¨Έν•λ―Όκµ­μ κµ°λ‡½μ€,λ…Όλ¬Έμ„ μ¨μ•Ό ν•λ”λ° ν­ν’ μλ¤ν•΄λ²„λ¦Ό,μ΄ μ¥λ¤ γ…‚λ¬΄ μ»¤μ—½γ… λ¨Έλµμ‘,κ²¬ λ¨Έν†µλ Ήν λ„¤μ·ν•λΉ„,μ•„μ•Ό λ¨Ήμ€ μ‚¬λ μμν•κ³  ν΅λµμ°Ύμ,ν”‹ λ¨Έκµ¬ λ„μ°©ν•΄μ„ μΎλµν• κ΄΄μκ² κ° μ§“,κ³°λ…Όν κ°•μκ°€ κ·Όγ…‡ λµκ°•,
12/14/2017 2:20:39,3,4,3,3,2,4,4,4,4,4,3,2,3,3,4,4,2,2,3,2,3,2,1,1,2,2,2,1,3,2,2,2,3,1,4,2,2,2,3,1,1,1,1,1,2,1,μ—­μ‹ λ¨Έν•λ―Όκµ­μ μ΅κµ°μ€,κ³°κµ­μ„ μ¨μ•Ό ν•λ”λ° ν­ν’ μλν•΄λ²„λ¦Ό,μ΄ μ¥λ©΄ λ„λ¬΄ μ»¤μ—½κ³  λ¨Έλµμ‘,μ „ λ¨Έν†µλ Ήκ³Ό λ„μ·ν•λ„¤,μ°μ  λ¨Ήμ€ μ‚¬λ μμν•κ³  κ΄‘λ… μ°Ύμ,κ³§ λ¨Έκµ¬ λ„μ°©ν•΄μ„ μΎλ…ν• λ μ μ§‘ κ° κ²ƒ,κµ­λ¬Έκ³Ό κ°•μκ°€ γ„Ήγ…‡ λ…κ°•,κ°μ‚¬ν•©λ‹λ‹¤.
12/15/2017 1:08:19,2,4,4,4,1,4,4,4,1,4,1,1,1,4,1,5,1,1,1,4,1,1,1,1,1,3,1,1,1,1,1,1,1,1,3,1,1,3,5,1,1,1,3,1,3,1,μ—­μ‹ λ¨Έν•λ―Όκµ­μ μ΅κµ°μ€,λ…Όλ¬Έμ„ μ¨μ•Ό ν•λ”λ° ν­ν’ μλ¤ ν•΄λ²„λ¦Ό,μ΄ μ¥λ¤ γ…‚λ¬΄ μ»¤μ—½κ³  λ¨Έλµμ‘,μ „ λ¨Έν†µλ Ήν λΉ„μ·ν•λΉ„,μ½μΎ λμ€ μ‚¬λ μμν•κ³  ν΅λµμ°Ύμ,κ³§ λ¨Έκµ¬ λ„μ°©ν•΄μ„ μΎλµν• κ΄΄μμ§‘ κ° κ²ƒ,κµ­λ¬Έν κ°•μκ°€ γ„Ήγ…‡ λµκ°•,
12/15/2017 8:27:56,3,5,5,4,3,5,2,5,5,5,1,1,1,1,1,1,1,1,1,1,1,1,1,1,1,1,1,2,1,1,1,1,1,1,1,1,1,1,5,1,1,1,5,1,1,1,μ“°λ κΈ°λ‹¤,μ €λ° ,γ…‡γ…,λ°•κ·Όνμ”?,μ£„μ†΅;;,λ‚νƒ€5000?,κ³ λ―Έκ³Όκ°•μκ°€ γ„Ήγ…‡ λµκ°•,μκ³ ν–‡μ–΄μ©
κΈ°κ³„μ  ν‰κ· ,,4.6271186440678,4.01694915254237,3.28813559322034,1.55932203389831,3.61016949152542,3.67796610169492,4.50847457627119,3.96610169491525,4.45762711864407,2.66101694915254,2.15254237288136,2.01694915254237,2.28813559322034,2.13559322033898,4.16949152542373,2.30508474576271,1.54237288135593,1.61016949152542,1.67796610169492,2.59322033898305,1.74576271186441,1.67796610169492,1.93220338983051,1.83050847457627,2.4406779661017,2.01694915254237,1.47457627118644,3.01694915254237,1.89830508474576,1.61016949152542,2.38983050847458,1.83050847457627,1.38983050847458,2.54237288135593,1.47457627118644,1.44067796610169,1.72881355932203,4.38983050847458,1.6271186440678,2.11864406779661,1.50847457627119,2.33898305084746,1.74576271186441,1.91525423728814,1.8135593220339,,,,,,,,